file,city_folder,treated_city,treated_fips,t0,gan_ratio,n_real_donors,n_gen,pre_rmspe,post_att_mean,out_dir
临汾_panel_vs_controls_weekly_2018_2022_with_year_week_fips_with_cov.csv,临汾,临汾,4,202044,1,82,82,1.3570878223739482,7.691005699823826,/root/data/treatedpass-heating-open/临汾
临汾_panel_vs_controls_weekly_2018_2022_with_year_week_fips_with_cov.csv,临汾,临汾,4,202044,2,82,164,1.7016278426008766,7.435359255823852,/root/data/treatedpass-heating-open/临汾
临汾_panel_vs_controls_weekly_2018_2022_with_year_week_fips_with_cov.csv,临汾,临汾,4,202044,3,82,246,1.9691451194143015,0.09658527521898747,/root/data/treatedpass-heating-open/临汾
临汾_panel_vs_controls_weekly_2018_2022_with_year_week_fips_with_cov.csv,临汾,临汾,4,202044,4,82,328,1.940386169510784,6.426398886409919,/root/data/treatedpass-heating-open/临汾
临汾_panel_vs_controls_weekly_2018_2022_with_year_week_fips_with_cov.csv,临汾,临汾,4,202044,5,82,410,2.2776156146290663,9.462605427218131,/root/data/treatedpass-heating-open/临汾
临沂_panel_vs_controls_weekly_2018_2022_with_year_week_fips_with_cov.csv,临沂,临沂,4,202044,1,82,82,1.222210948351297,17.144148181349113,/root/data/treatedpass-heating-open/临沂
临沂_panel_vs_controls_weekly_2018_2022_with_year_week_fips_with_cov.csv,临沂,临沂,4,202044,2,82,164,0.9073804253917302,22.58164738802712,/root/data/treatedpass-heating-open/临沂
临沂_panel_vs_controls_weekly_2018_2022_with_year_week_fips_with_cov.csv,临沂,临沂,4,202044,3,82,246,1.1696213646658498,18.505533830633546,/root/data/treatedpass-heating-open/临沂
临沂_panel_vs_controls_weekly_2018_2022_with_year_week_fips_with_cov.csv,临沂,临沂,4,202044,4,82,328,1.1547092084537645,22.32271599174529,/root/data/treatedpass-heating-open/临沂
临沂_panel_vs_controls_weekly_2018_2022_with_year_week_fips_with_cov.csv,临沂,临沂,4,202044,5,82,410,1.1385563396655993,22.554304469327295,/root/data/treatedpass-heating-open/临沂
乌鲁木齐_panel_vs_controls_weekly_2018_2022_with_year_week_fips_with_cov.csv,乌鲁木齐,乌鲁木齐,7,202044,1,82,82,1.6426855526387543,-25.437047506879523,/root/data/treatedpass-heating-open/乌鲁木齐
乌鲁木齐_panel_vs_controls_weekly_2018_2022_with_year_week_fips_with_cov.csv,乌鲁木齐,乌鲁木齐,7,202044,2,82,164,2.521154528218315,-22.405282320198367,/root/data/treatedpass-heating-open/乌鲁木齐
乌鲁木齐_panel_vs_controls_weekly_2018_2022_with_year_week_fips_with_cov.csv,乌鲁木齐,乌鲁木齐,7,202044,3,82,246,1.6902236883185746,-21.045754985495616,/root/data/treatedpass-heating-open/乌鲁木齐
乌鲁木齐_panel_vs_controls_weekly_2018_2022_with_year_week_fips_with_cov.csv,乌鲁木齐,乌鲁木齐,7,202044,4,82,328,2.2358129516573224,-18.77963056397926,/root/data/treatedpass-heating-open/乌鲁木齐
乌鲁木齐_panel_vs_controls_weekly_2018_2022_with_year_week_fips_with_cov.csv,乌鲁木齐,乌鲁木齐,7,202044,5,82,410,1.791096574566676,-10.341507266076924,/root/data/treatedpass-heating-open/乌鲁木齐
兰州_panel_vs_controls_weekly_2018_2022_with_year_week_fips_with_cov.csv,兰州,兰,11,202044,1,82,82,0.7228811860633637,7.469324092336624,/root/data/treatedpass-heating-open/兰州
兰州_panel_vs_controls_weekly_2018_2022_with_year_week_fips_with_cov.csv,兰州,兰,11,202044,2,82,164,1.0035643714210025,6.11652924256953,/root/data/treatedpass-heating-open/兰州
兰州_panel_vs_controls_weekly_2018_2022_with_year_week_fips_with_cov.csv,兰州,兰,11,202044,3,82,246,0.7890076269936737,3.8884342976578097,/root/data/treatedpass-heating-open/兰州
兰州_panel_vs_controls_weekly_2018_2022_with_year_week_fips_with_cov.csv,兰州,兰,11,202044,4,82,328,0.8330728944699124,6.324114467632618,/root/data/treatedpass-heating-open/兰州
兰州_panel_vs_controls_weekly_2018_2022_with_year_week_fips_with_cov.csv,兰州,兰,11,202044,5,82,410,1.051565534136371,8.659731980360878,/root/data/treatedpass-heating-open/兰州
北京_panel_vs_controls_weekly_2018_2022_with_year_week_fips_with_cov.csv,北京,北京,12,202044,1,82,82,0.905899052142974,-5.796375674301463,/root/data/treatedpass-heating-open/北京
北京_panel_vs_controls_weekly_2018_2022_with_year_week_fips_with_cov.csv,北京,北京,12,202044,2,82,164,1.0211772312527532,-6.76888779288575,/root/data/treatedpass-heating-open/北京
北京_panel_vs_controls_weekly_2018_2022_with_year_week_fips_with_cov.csv,北京,北京,12,202044,3,82,246,1.0423398692411854,-9.755979397472998,/root/data/treatedpass-heating-open/北京
北京_panel_vs_controls_weekly_2018_2022_with_year_week_fips_with_cov.csv,北京,北京,12,202044,4,82,328,1.2532584919083338,-5.699374556358856,/root/data/treatedpass-heating-open/北京
北京_panel_vs_controls_weekly_2018_2022_with_year_week_fips_with_cov.csv,北京,北京,12,202044,5,82,410,1.415816527614233,-3.158123466638255,/root/data/treatedpass-heating-open/北京
呼和浩特_panel_vs_controls_weekly_2018_2022_with_year_week_fips_with_cov.csv,呼和浩特,呼和浩特,18,202044,1,82,82,0.8697293691197494,-23.86554854116054,/root/data/treatedpass-heating-open/呼和浩特
呼和浩特_panel_vs_controls_weekly_2018_2022_with_year_week_fips_with_cov.csv,呼和浩特,呼和浩特,18,202044,2,82,164,1.0691834221891592,-22.44907253621399,/root/data/treatedpass-heating-open/呼和浩特
呼和浩特_panel_vs_controls_weekly_2018_2022_with_year_week_fips_with_cov.csv,呼和浩特,呼和浩特,18,202044,3,82,246,1.0742388163499919,-23.85589068979789,/root/data/treatedpass-heating-open/呼和浩特
呼和浩特_panel_vs_controls_weekly_2018_2022_with_year_week_fips_with_cov.csv,呼和浩特,呼和浩特,18,202044,4,82,328,1.1667822100431822,-20.475613393714724,/root/data/treatedpass-heating-open/呼和浩特
呼和浩特_panel_vs_controls_weekly_2018_2022_with_year_week_fips_with_cov.csv,呼和浩特,呼和浩特,18,202044,5,82,410,1.008431659821139,-20.404587866030692,/root/data/treatedpass-heating-open/呼和浩特
哈尔滨_panel_vs_controls_weekly_2018_2022_with_year_week_fips_with_cov.csv,哈尔滨,哈尔滨,20,202044,1,82,82,1.4514160766041264,-7.699873655477052,/root/data/treatedpass-heating-open/哈尔滨
哈尔滨_panel_vs_controls_weekly_2018_2022_with_year_week_fips_with_cov.csv,哈尔滨,哈尔滨,20,202044,2,82,164,1.153004113976155,-1.9277650710983794,/root/data/treatedpass-heating-open/哈尔滨
哈尔滨_panel_vs_controls_weekly_2018_2022_with_year_week_fips_with_cov.csv,哈尔滨,哈尔滨,20,202044,3,82,246,0.8729277957976814,-5.193465099104333,/root/data/treatedpass-heating-open/哈尔滨
哈尔滨_panel_vs_controls_weekly_2018_2022_with_year_week_fips_with_cov.csv,哈尔滨,哈尔滨,20,202044,4,82,328,1.1215137616917839,-2.3601003085845518,/root/data/treatedpass-heating-open/哈尔滨
哈尔滨_panel_vs_controls_weekly_2018_2022_with_year_week_fips_with_cov.csv,哈尔滨,哈尔滨,20,202044,5,82,410,1.0610188408863397,-0.05180750612834589,/root/data/treatedpass-heating-open/哈尔滨
唐山_panel_vs_controls_weekly_2018_2022_with_year_week_fips_with_cov.csv,唐山,唐山,20,202044,1,82,82,1.186156622085458,-16.340064007900146,/root/data/treatedpass-heating-open/唐山
唐山_panel_vs_controls_weekly_2018_2022_with_year_week_fips_with_cov.csv,唐山,唐山,20,202044,2,82,164,1.2002807057553493,-15.888010431456044,/root/data/treatedpass-heating-open/唐山
唐山_panel_vs_controls_weekly_2018_2022_with_year_week_fips_with_cov.csv,唐山,唐山,20,202044,3,82,246,1.2644716508688547,-16.22874503142191,/root/data/treatedpass-heating-open/唐山
唐山_panel_vs_controls_weekly_2018_2022_with_year_week_fips_with_cov.csv,唐山,唐山,20,202044,4,82,328,1.3818304330128726,-9.305496098997008,/root/data/treatedpass-heating-open/唐山
唐山_panel_vs_controls_weekly_2018_2022_with_year_week_fips_with_cov.csv,唐山,唐山,20,202044,5,82,410,2.064889276456406,-2.886741977098458,/root/data/treatedpass-heating-open/唐山
大同_panel_vs_controls_weekly_2018_2022_with_year_week_fips_with_cov.csv,大同,大同,24,202044,1,82,82,0.576176901087043,-39.67807988345411,/root/data/treatedpass-heating-open/大同
大同_panel_vs_controls_weekly_2018_2022_with_year_week_fips_with_cov.csv,大同,大同,24,202044,2,82,164,0.8302069773397783,-38.97832781852134,/root/data/treatedpass-heating-open/大同
大同_panel_vs_controls_weekly_2018_2022_with_year_week_fips_with_cov.csv,大同,大同,24,202044,3,82,246,0.923137731258895,-40.4904355494881,/root/data/treatedpass-heating-open/大同
大同_panel_vs_controls_weekly_2018_2022_with_year_week_fips_with_cov.csv,大同,大同,24,202044,4,82,328,0.7776215052633775,-33.39159846501328,/root/data/treatedpass-heating-open/大同
大同_panel_vs_controls_weekly_2018_2022_with_year_week_fips_with_cov.csv,大同,大同,24,202044,5,82,410,0.8040569199556735,-26.427058658613554,/root/data/treatedpass-heating-open/大同
大庆_panel_vs_controls_weekly_2018_2022_with_year_week_fips_with_cov.csv,大庆,大庆,24,202044,1,82,82,0.5230466341174238,-19.077707861500336,/root/data/treatedpass-heating-open/大庆
大庆_panel_vs_controls_weekly_2018_2022_with_year_week_fips_with_cov.csv,大庆,大庆,24,202044,2,82,164,0.5452788572160211,-11.583938933175052,/root/data/treatedpass-heating-open/大庆
大庆_panel_vs_controls_weekly_2018_2022_with_year_week_fips_with_cov.csv,大庆,大庆,24,202044,3,82,246,0.7031969887354471,-12.250107390813952,/root/data/treatedpass-heating-open/大庆
大庆_panel_vs_controls_weekly_2018_2022_with_year_week_fips_with_cov.csv,大庆,大庆,24,202044,4,82,328,1.0681958751000777,-12.224237633085714,/root/data/treatedpass-heating-open/大庆
大庆_panel_vs_controls_weekly_2018_2022_with_year_week_fips_with_cov.csv,大庆,大庆,24,202044,5,82,410,1.1036131005151764,-8.650942495562164,/root/data/treatedpass-heating-open/大庆
大连_panel_vs_controls_weekly_2018_2022_with_year_week_fips_with_cov.csv,大连,大连,24,202044,1,82,82,0.6496059777188649,7.822980146378991,/root/data/treatedpass-heating-open/大连
大连_panel_vs_controls_weekly_2018_2022_with_year_week_fips_with_cov.csv,大连,大连,24,202044,2,82,164,0.8028284001381522,6.520959212603216,/root/data/treatedpass-heating-open/大连
大连_panel_vs_controls_weekly_2018_2022_with_year_week_fips_with_cov.csv,大连,大连,24,202044,3,82,246,0.7258921899902953,3.178010687250401,/root/data/treatedpass-heating-open/大连
大连_panel_vs_controls_weekly_2018_2022_with_year_week_fips_with_cov.csv,大连,大连,24,202044,4,82,328,0.9427949237681447,6.969206176914394,/root/data/treatedpass-heating-open/大连
大连_panel_vs_controls_weekly_2018_2022_with_year_week_fips_with_cov.csv,大连,大连,24,202044,5,82,410,0.976116375009812,6.190135495739096,/root/data/treatedpass-heating-open/大连
天津_panel_vs_controls_weekly_2018_2022_with_year_week_fips_with_cov.csv,天津,天津,24,202044,1,82,82,0.7732293641632145,-0.5167613248635077,/root/data/treatedpass-heating-open/天津
天津_panel_vs_controls_weekly_2018_2022_with_year_week_fips_with_cov.csv,天津,天津,24,202044,2,82,164,0.9585354123991874,-0.835028083740072,/root/data/treatedpass-heating-open/天津
天津_panel_vs_controls_weekly_2018_2022_with_year_week_fips_with_cov.csv,天津,天津,24,202044,3,82,246,1.1863912056169883,-2.0370246591546786,/root/data/treatedpass-heating-open/天津
天津_panel_vs_controls_weekly_2018_2022_with_year_week_fips_with_cov.csv,天津,天津,24,202044,4,82,328,1.2208302442406798,-0.29927274059826287,/root/data/treatedpass-heating-open/天津
天津_panel_vs_controls_weekly_2018_2022_with_year_week_fips_with_cov.csv,天津,天津,24,202044,5,82,410,1.378647097859673,3.7444973574549856,/root/data/treatedpass-heating-open/天津
太原_panel_vs_controls_weekly_2018_2022_with_year_week_fips_with_cov.csv,太原,太原,24,202044,1,82,82,1.5615076717060583,-3.7277093682214137,/root/data/treatedpass-heating-open/太原
太原_panel_vs_controls_weekly_2018_2022_with_year_week_fips_with_cov.csv,太原,太原,24,202044,2,82,164,1.200802101269952,-0.40154164550250787,/root/data/treatedpass-heating-open/太原
太原_panel_vs_controls_weekly_2018_2022_with_year_week_fips_with_cov.csv,太原,太原,24,202044,3,82,246,1.3814776717942439,-2.5805896266971984,/root/data/treatedpass-heating-open/太原
太原_panel_vs_controls_weekly_2018_2022_with_year_week_fips_with_cov.csv,太原,太原,24,202044,4,82,328,1.3298134846358234,-4.706246024693949,/root/data/treatedpass-heating-open/太原
太原_panel_vs_controls_weekly_2018_2022_with_year_week_fips_with_cov.csv,太原,太原,24,202044,5,82,410,1.5198628923392434,-1.18150816866454,/root/data/treatedpass-heating-open/太原
威海_panel_vs_controls_weekly_2018_2022_with_year_week_fips_with_cov.csv,威海,威海,24,202044,1,82,82,0.8853676779016535,-1.1142477184499908,/root/data/treatedpass-heating-open/威海
威海_panel_vs_controls_weekly_2018_2022_with_year_week_fips_with_cov.csv,威海,威海,24,202044,2,82,164,0.7481068874129353,2.0243673665104063,/root/data/treatedpass-heating-open/威海
威海_panel_vs_controls_weekly_2018_2022_with_year_week_fips_with_cov.csv,威海,威海,24,202044,3,82,246,0.7496553797806272,1.311593748065474,/root/data/treatedpass-heating-open/威海
威海_panel_vs_controls_weekly_2018_2022_with_year_week_fips_with_cov.csv,威海,威海,24,202044,4,82,328,0.8413676464834284,2.31323040510515,/root/data/treatedpass-heating-open/威海
威海_panel_vs_controls_weekly_2018_2022_with_year_week_fips_with_cov.csv,威海,威海,24,202044,5,82,410,0.773761904859764,3.372467437970151,/root/data/treatedpass-heating-open/威海
德州_panel_vs_controls_weekly_2018_2022_with_year_week_fips_with_cov.csv,德州,德,34,202044,1,82,82,1.0903416000604311,-16.94419725696827,/root/data/treatedpass-heating-open/德州
德州_panel_vs_controls_weekly_2018_2022_with_year_week_fips_with_cov.csv,德州,德,34,202044,2,82,164,1.3031120481844556,-5.551342363866215,/root/data/treatedpass-heating-open/德州
德州_panel_vs_controls_weekly_2018_2022_with_year_week_fips_with_cov.csv,德州,德,34,202044,3,82,246,1.2273228690845193,-8.58010016812917,/root/data/treatedpass-heating-open/德州
德州_panel_vs_controls_weekly_2018_2022_with_year_week_fips_with_cov.csv,德州,德,34,202044,4,82,328,1.3232186640686325,-2.9830850910952407,/root/data/treatedpass-heating-open/德州
德州_panel_vs_controls_weekly_2018_2022_with_year_week_fips_with_cov.csv,德州,德,34,202044,5,82,410,1.3800164339610803,2.422747824084256,/root/data/treatedpass-heating-open/德州
日照_panel_vs_controls_weekly_2018_2022_with_year_week_fips_with_cov.csv,日照,日照,37,202044,1,82,82,1.1288229312838824,6.887227376163909,/root/data/treatedpass-heating-open/日照
日照_panel_vs_controls_weekly_2018_2022_with_year_week_fips_with_cov.csv,日照,日照,37,202044,2,82,164,1.3541939444029238,8.131346775580672,/root/data/treatedpass-heating-open/日照
日照_panel_vs_controls_weekly_2018_2022_with_year_week_fips_with_cov.csv,日照,日照,37,202044,3,82,246,1.0760038135221361,6.0600755797048125,/root/data/treatedpass-heating-open/日照
日照_panel_vs_controls_weekly_2018_2022_with_year_week_fips_with_cov.csv,日照,日照,37,202044,4,82,328,1.2799119065518605,8.471713860691498,/root/data/treatedpass-heating-open/日照
日照_panel_vs_controls_weekly_2018_2022_with_year_week_fips_with_cov.csv,日照,日照,37,202044,5,82,410,1.4353734092480268,9.786429693427081,/root/data/treatedpass-heating-open/日照
枣庄_panel_vs_controls_weekly_2018_2022_with_year_week_fips_with_cov.csv,枣庄,枣庄,42,202044,1,82,82,1.1812280974960105,7.641180574039774,/root/data/treatedpass-heating-open/枣庄
枣庄_panel_vs_controls_weekly_2018_2022_with_year_week_fips_with_cov.csv,枣庄,枣庄,42,202044,2,82,164,1.2092931009326378,8.769182825183778,/root/data/treatedpass-heating-open/枣庄
枣庄_panel_vs_controls_weekly_2018_2022_with_year_week_fips_with_cov.csv,枣庄,枣庄,42,202044,3,82,246,1.3500142266606925,6.006982309301675,/root/data/treatedpass-heating-open/枣庄
枣庄_panel_vs_controls_weekly_2018_2022_with_year_week_fips_with_cov.csv,枣庄,枣庄,42,202044,4,82,328,1.4304702549960069,9.030828775231093,/root/data/treatedpass-heating-open/枣庄
枣庄_panel_vs_controls_weekly_2018_2022_with_year_week_fips_with_cov.csv,枣庄,枣庄,42,202044,5,82,410,1.4674928487796575,9.610448807414986,/root/data/treatedpass-heating-open/枣庄
沧州_panel_vs_controls_weekly_2018_2022_with_year_week_fips_with_cov.csv,沧州,沧,46,202044,1,82,82,1.2510087854725511,-21.057248414043137,/root/data/treatedpass-heating-open/沧州
沧州_panel_vs_controls_weekly_2018_2022_with_year_week_fips_with_cov.csv,沧州,沧,46,202044,2,82,164,1.0970120610773642,-15.997106605879338,/root/data/treatedpass-heating-open/沧州
沧州_panel_vs_controls_weekly_2018_2022_with_year_week_fips_with_cov.csv,沧州,沧,46,202044,3,82,246,1.0675949640249298,-16.901675370895067,/root/data/treatedpass-heating-open/沧州
沧州_panel_vs_controls_weekly_2018_2022_with_year_week_fips_with_cov.csv,沧州,沧,46,202044,4,82,328,1.1716908088869735,-7.310683194467818,/root/data/treatedpass-heating-open/沧州
沧州_panel_vs_controls_weekly_2018_2022_with_year_week_fips_with_cov.csv,沧州,沧,46,202044,5,82,410,1.1948187296220125,-7.079389659657254,/root/data/treatedpass-heating-open/沧州
泰安_panel_vs_controls_weekly_2018_2022_with_year_week_fips_with_cov.csv,泰安,泰安,46,202044,1,82,82,0.8705460113022997,-9.420794841592013,/root/data/treatedpass-heating-open/泰安
泰安_panel_vs_controls_weekly_2018_2022_with_year_week_fips_with_cov.csv,泰安,泰安,46,202044,2,82,164,1.139324002749414,-2.5564696304805894,/root/data/treatedpass-heating-open/泰安
泰安_panel_vs_controls_weekly_2018_2022_with_year_week_fips_with_cov.csv,泰安,泰安,46,202044,3,82,246,1.1538636310715145,-4.379901776401064,/root/data/treatedpass-heating-open/泰安
泰安_panel_vs_controls_weekly_2018_2022_with_year_week_fips_with_cov.csv,泰安,泰安,46,202044,4,82,328,2.05263407093041,-3.9351330733117136,/root/data/treatedpass-heating-open/泰安
泰安_panel_vs_controls_weekly_2018_2022_with_year_week_fips_with_cov.csv,泰安,泰安,46,202044,5,82,410,1.212497654716918,2.124469208376876,/root/data/treatedpass-heating-open/泰安
济南_panel_vs_controls_weekly_2018_2022_with_year_week_fips_with_cov.csv,济南,济南,46,202044,1,82,82,1.0612021956612907,-16.47671965692127,/root/data/treatedpass-heating-open/济南
济南_panel_vs_controls_weekly_2018_2022_with_year_week_fips_with_cov.csv,济南,济南,46,202044,2,82,164,1.1540343307679157,-15.097050568743292,/root/data/treatedpass-heating-open/济南
济南_panel_vs_controls_weekly_2018_2022_with_year_week_fips_with_cov.csv,济南,济南,46,202044,3,82,246,1.2016953874865945,-17.621675216035708,/root/data/treatedpass-heating-open/济南
济南_panel_vs_controls_weekly_2018_2022_with_year_week_fips_with_cov.csv,济南,济南,46,202044,4,82,328,1.5048406120447737,-10.615999469759393,/root/data/treatedpass-heating-open/济南
济南_panel_vs_controls_weekly_2018_2022_with_year_week_fips_with_cov.csv,济南,济南,46,202044,5,82,410,1.3104192254922886,-7.935360202791617,/root/data/treatedpass-heating-open/济南
济宁_panel_vs_controls_weekly_2018_2022_with_year_week_fips_with_cov.csv,济宁,济宁,46,202044,1,82,82,1.1785794257555287,7.990264156078314,/root/data/treatedpass-heating-open/济宁
济宁_panel_vs_controls_weekly_2018_2022_with_year_week_fips_with_cov.csv,济宁,济宁,46,202044,2,82,164,1.2197053015305934,11.964237464067654,/root/data/treatedpass-heating-open/济宁
济宁_panel_vs_controls_weekly_2018_2022_with_year_week_fips_with_cov.csv,济宁,济宁,46,202044,3,82,246,1.5983001853868721,9.793215833788922,/root/data/treatedpass-heating-open/济宁
济宁_panel_vs_controls_weekly_2018_2022_with_year_week_fips_with_cov.csv,济宁,济宁,46,202044,4,82,328,1.361265467032269,11.39719160242679,/root/data/treatedpass-heating-open/济宁
济宁_panel_vs_controls_weekly_2018_2022_with_year_week_fips_with_cov.csv,济宁,济宁,46,202044,5,82,410,1.655819166708681,10.966415192028562,/root/data/treatedpass-heating-open/济宁
淄博_panel_vs_controls_weekly_2018_2022_with_year_week_fips_with_cov.csv,淄博,淄博,46,202044,1,82,82,1.2705272713318114,8.1808335502496,/root/data/treatedpass-heating-open/淄博
淄博_panel_vs_controls_weekly_2018_2022_with_year_week_fips_with_cov.csv,淄博,淄博,46,202044,2,82,164,1.2401923531434502,8.203017095117461,/root/data/treatedpass-heating-open/淄博
淄博_panel_vs_controls_weekly_2018_2022_with_year_week_fips_with_cov.csv,淄博,淄博,46,202044,3,82,246,1.2489541135940092,7.347709170053509,/root/data/treatedpass-heating-open/淄博
淄博_panel_vs_controls_weekly_2018_2022_with_year_week_fips_with_cov.csv,淄博,淄博,46,202044,4,82,328,2.244969102731807,7.376752840302705,/root/data/treatedpass-heating-open/淄博
淄博_panel_vs_controls_weekly_2018_2022_with_year_week_fips_with_cov.csv,淄博,淄博,46,202044,5,82,410,2.1892625985884826,11.788848289969765,/root/data/treatedpass-heating-open/淄博
潍坊_panel_vs_controls_weekly_2018_2022_with_year_week_fips_with_cov.csv,潍坊,潍坊,48,202044,1,82,82,1.4581224940539048,8.491174654212275,/root/data/treatedpass-heating-open/潍坊
潍坊_panel_vs_controls_weekly_2018_2022_with_year_week_fips_with_cov.csv,潍坊,潍坊,48,202044,2,82,164,1.006176528718704,9.66857428108762,/root/data/treatedpass-heating-open/潍坊
潍坊_panel_vs_controls_weekly_2018_2022_with_year_week_fips_with_cov.csv,潍坊,潍坊,48,202044,3,82,246,1.319277829926238,7.091744438326065,/root/data/treatedpass-heating-open/潍坊
潍坊_panel_vs_controls_weekly_2018_2022_with_year_week_fips_with_cov.csv,潍坊,潍坊,48,202044,4,82,328,1.2090502101524963,7.309352788894178,/root/data/treatedpass-heating-open/潍坊
潍坊_panel_vs_controls_weekly_2018_2022_with_year_week_fips_with_cov.csv,潍坊,潍坊,48,202044,5,82,410,1.67602975495566,8.85798664284029,/root/data/treatedpass-heating-open/潍坊
烟台_panel_vs_controls_weekly_2018_2022_with_year_week_fips_with_cov.csv,烟台,烟台,48,202044,1,82,82,0.6471396454024646,-5.003774208584369,/root/data/treatedpass-heating-open/烟台
烟台_panel_vs_controls_weekly_2018_2022_with_year_week_fips_with_cov.csv,烟台,烟台,48,202044,2,82,164,0.8030115411123108,-0.1486595840207977,/root/data/treatedpass-heating-open/烟台
烟台_panel_vs_controls_weekly_2018_2022_with_year_week_fips_with_cov.csv,烟台,烟台,48,202044,3,82,246,0.7006992099164185,-4.622584474049489,/root/data/treatedpass-heating-open/烟台
烟台_panel_vs_controls_weekly_2018_2022_with_year_week_fips_with_cov.csv,烟台,烟台,48,202044,4,82,328,0.7602476369987344,0.7942802502363452,/root/data/treatedpass-heating-open/烟台
烟台_panel_vs_controls_weekly_2018_2022_with_year_week_fips_with_cov.csv,烟台,烟台,48,202044,5,82,410,0.8320936758137487,3.3515195126399857,/root/data/treatedpass-heating-open/烟台
牡丹江_panel_vs_controls_weekly_2018_2022_with_year_week_fips_with_cov.csv,牡丹江,牡丹江,48,202044,1,82,82,0.9014371395539635,-0.24228651505724894,/root/data/treatedpass-heating-open/牡丹江
牡丹江_panel_vs_controls_weekly_2018_2022_with_year_week_fips_with_cov.csv,牡丹江,牡丹江,48,202044,2,82,164,0.6899474684545386,2.508565571845471,/root/data/treatedpass-heating-open/牡丹江
牡丹江_panel_vs_controls_weekly_2018_2022_with_year_week_fips_with_cov.csv,牡丹江,牡丹江,48,202044,3,82,246,0.7674957598522849,0.494914281019433,/root/data/treatedpass-heating-open/牡丹江
牡丹江_panel_vs_controls_weekly_2018_2022_with_year_week_fips_with_cov.csv,牡丹江,牡丹江,48,202044,4,82,328,0.8709685699800047,-0.6482289677496014,/root/data/treatedpass-heating-open/牡丹江
牡丹江_panel_vs_controls_weekly_2018_2022_with_year_week_fips_with_cov.csv,牡丹江,牡丹江,48,202044,5,82,410,0.9956325059726383,2.9762430933401083,/root/data/treatedpass-heating-open/牡丹江
西安_panel_vs_controls_weekly_2018_2022_with_year_week_fips_with_cov.csv,西安,西安,62,202044,1,82,82,1.5659398071393835,-0.6057600988106941,/root/data/treatedpass-heating-open/西安
西安_panel_vs_controls_weekly_2018_2022_with_year_week_fips_with_cov.csv,西安,西安,62,202044,2,82,164,1.5632584185253349,2.0024944773406563,/root/data/treatedpass-heating-open/西安
西安_panel_vs_controls_weekly_2018_2022_with_year_week_fips_with_cov.csv,西安,西安,62,202044,3,82,246,1.4606185007485315,-0.804122854375156,/root/data/treatedpass-heating-open/西安
西安_panel_vs_controls_weekly_2018_2022_with_year_week_fips_with_cov.csv,西安,西安,62,202044,4,82,328,1.236625782512699,0.9471024230107249,/root/data/treatedpass-heating-open/西安
西安_panel_vs_controls_weekly_2018_2022_with_year_week_fips_with_cov.csv,西安,西安,62,202044,5,82,410,1.9575470772397345,4.429028606795683,/root/data/treatedpass-heating-open/西安
银川_panel_vs_controls_weekly_2018_2022_with_year_week_fips_with_cov.csv,银川,银川,75,202044,1,82,82,0.5158056357653291,0.8814005449000951,/root/data/treatedpass-heating-open/银川
银川_panel_vs_controls_weekly_2018_2022_with_year_week_fips_with_cov.csv,银川,银川,75,202044,2,82,164,0.8090285743688498,0.04852324230831517,/root/data/treatedpass-heating-open/银川
银川_panel_vs_controls_weekly_2018_2022_with_year_week_fips_with_cov.csv,银川,银川,75,202044,3,82,246,0.8425066053920637,-1.670215583666951,/root/data/treatedpass-heating-open/银川
银川_panel_vs_controls_weekly_2018_2022_with_year_week_fips_with_cov.csv,银川,银川,75,202044,4,82,328,1.1471159679881107,1.7538384017937192,/root/data/treatedpass-heating-open/银川
银川_panel_vs_controls_weekly_2018_2022_with_year_week_fips_with_cov.csv,银川,银川,75,202044,5,82,410,0.6972782546629256,1.7672426065758504,/root/data/treatedpass-heating-open/银川
长春_panel_vs_controls_weekly_2018_2022_with_year_week_fips_with_cov.csv,长春,长春,76,202044,1,82,82,0.6933199447162343,-5.081695408122408,/root/data/treatedpass-heating-open/长春
长春_panel_vs_controls_weekly_2018_2022_with_year_week_fips_with_cov.csv,长春,长春,76,202044,2,82,164,1.0588286838448364,-2.8920473790988406,/root/data/treatedpass-heating-open/长春
长春_panel_vs_controls_weekly_2018_2022_with_year_week_fips_with_cov.csv,长春,长春,76,202044,3,82,246,0.9110580152196706,-4.881395427756283,/root/data/treatedpass-heating-open/长春
长春_panel_vs_controls_weekly_2018_2022_with_year_week_fips_with_cov.csv,长春,长春,76,202044,4,82,328,1.0693202935330308,-3.8094922327549017,/root/data/treatedpass-heating-open/长春
长春_panel_vs_controls_weekly_2018_2022_with_year_week_fips_with_cov.csv,长春,长春,76,202044,5,82,410,1.3301453565360293,-2.537039945840514,/root/data/treatedpass-heating-open/长春
阳泉_panel_vs_controls_weekly_2018_2022_with_year_week_fips_with_cov.csv,阳泉,阳泉,77,202044,1,82,82,1.0020635636589008,-15.41533811218768,/root/data/treatedpass-heating-open/阳泉
阳泉_panel_vs_controls_weekly_2018_2022_with_year_week_fips_with_cov.csv,阳泉,阳泉,77,202044,2,82,164,1.2309124967470766,-4.699867587171907,/root/data/treatedpass-heating-open/阳泉
阳泉_panel_vs_controls_weekly_2018_2022_with_year_week_fips_with_cov.csv,阳泉,阳泉,77,202044,3,82,246,1.1805885841331367,-12.6270352095609,/root/data/treatedpass-heating-open/阳泉
阳泉_panel_vs_controls_weekly_2018_2022_with_year_week_fips_with_cov.csv,阳泉,阳泉,77,202044,4,82,328,1.2669173871435075,-6.466348784157743,/root/data/treatedpass-heating-open/阳泉
阳泉_panel_vs_controls_weekly_2018_2022_with_year_week_fips_with_cov.csv,阳泉,阳泉,77,202044,5,82,410,1.7246520897965987,1.6991264028907038,/root/data/treatedpass-heating-open/阳泉
青岛_panel_vs_controls_weekly_2018_2022_with_year_week_fips_with_cov.csv,青岛,青岛,78,202044,1,82,82,0.8277020923319198,10.228978731888905,/root/data/treatedpass-heating-open/青岛
青岛_panel_vs_controls_weekly_2018_2022_with_year_week_fips_with_cov.csv,青岛,青岛,78,202044,2,82,164,0.9201802101931595,11.539510989509118,/root/data/treatedpass-heating-open/青岛
青岛_panel_vs_controls_weekly_2018_2022_with_year_week_fips_with_cov.csv,青岛,青岛,78,202044,3,82,246,1.2124981092877716,10.268542522775709,/root/data/treatedpass-heating-open/青岛
青岛_panel_vs_controls_weekly_2018_2022_with_year_week_fips_with_cov.csv,青岛,青岛,78,202044,4,82,328,1.0248240892596854,10.937133722498674,/root/data/treatedpass-heating-open/青岛
青岛_panel_vs_controls_weekly_2018_2022_with_year_week_fips_with_cov.csv,青岛,青岛,78,202044,5,82,410,0.7470505299514019,11.611417906372212,/root/data/treatedpass-heating-open/青岛
